timestamp,12.02,13.02,14.02,19.02,20.02,21.02,28.03,29.03,02.04,03.04
2026-07-02 12:52,137,123,66,96,145,61,66,50,68,79
2026-07-02 16:48,137,123,66,96,145,61,66,50,68,79
2026-07-02 19:23,137,123,66,96,145,61,66,50,68,79
2026-07-02 22:05,137,123,66,96,145,61,66,50,68,79
2026-07-03 02:52,137,123,66,96,145,61,66,50,68,79
2026-07-03 06:31,137,123,66,96,145,61,66,50,68,79
2026-07-03 11:31,139,126,65,96,145,61,66,50,68,79
2026-07-03 14:01,139,126,65,100,145,61,66,50,68,79
2026-07-03 16:23,139,126,65,100,145,61,66,50,68,79
2026-07-03 19:20,139,126,65,100,145,61,66,50,68,79
2026-07-03 22:04,139,126,65,100,145,61,66,50,68,79
2026-07-04 02:49,139,126,65,100,145,61,66,50,68,79
2026-07-04 06:19,139,126,65,100,145,61,66,50,68,79
2026-07-04 10:53,139,126,65,100,145,61,66,50,68,79
2026-07-04 13:22,139,126,65,100,145,61,66,50,68,79
2026-07-04 16:01,139,126,65,100,145,61,66,50,68,79
2026-07-04 19:10,139,126,65,100,145,61,66,50,68,79
2026-07-04 21:58,139,126,65,100,145,61,66,50,68,79
2026-07-05 03:18,139,126,65,100,145,61,66,50,68,79
2026-07-05 08:51,139,126,65,100,145,61,66,50,68,79
2026-07-05 11:03,139,126,65,100,145,61,66,50,68,79
2026-07-05 13:36,139,126,65,100,145,61,66,50,68,79
2026-07-05 16:07,139,126,65,100,145,61,66,50,68,79
2026-07-05 19:16,139,126,65,100,145,64,66,50,68,79
2026-07-05 22:00,139,126,65,100,145,64,66,50,68,79
2026-07-06 03:26,139,126,65,100,145,64,66,50,68,79
2026-07-06 10:19,139,126,65,100,145,64,66,50,68,79
2026-07-06 15:30,148,126,65,100,145,64,66,50,68,79
2026-07-06 19:55,148,126,65,100,145,64,66,50,68,79
2026-07-06 22:13,148,126,65,101,145,64,66,50,68,79
2026-07-07 03:17,148,126,65,101,145,64,66,50,68,79
2026-07-07 09:39,148,126,65,106,145,64,66,50,68,79
2026-07-07 14:31,148,126,65,106,145,64,66,50,68,79
2026-07-07 17:15,148,126,65,106,145,64,66,50,68,79
2026-07-07 19:53,148,126,65,106,145,64,66,50,68,79
2026-07-07 22:10,148,126,65,106,145,64,66,50,68,79
2026-07-08 02:35,148,126,65,106,145,64,66,50,68,79
2026-07-08 08:26,148,126,65,106,145,64,66,50,68,79
2026-07-08 11:03,148,126,65,106,145,64,66,50,68,79
2026-07-08 14:03,148,126,65,106,145,64,66,50,68,79
2026-07-08 16:38,148,126,65,106,145,64,66,50,68,79
2026-07-08 19:23,148,126,65,106,145,64,66,50,68,79
2026-07-09 02:53,148,126,65,106,145,64,66,50,68,79
2026-07-09 11:56,148,126,65,106,145,64,66,50,68,79
2026-07-09 15:16,148,126,65,106,145,64,66,50,68,79
2026-07-09 19:44,148,126,65,106,145,64,66,50,68,79
2026-07-09 22:26,148,126,65,106,145,64,66,50,68,79
2026-07-10 02:56,148,126,65,106,145,64,66,50,68,79
2026-07-10 06:47,148,126,65,106,145,64,66,50,68,79
2026-07-10 11:51,148,126,65,106,145,64,66,50,68,79
2026-07-10 14:24,148,126,65,106,145,64,66,50,68,79
2026-07-10 16:55,148,128,65,106,145,64,66,50,68,79
2026-07-10 19:25,148,128,65,106,145,64,66,50,68,79
2026-07-10 22:01,148,128,65,106,145,64,66,50,68,79
2026-07-11 02:32,148,128,65,106,145,64,66,50,68,79
2026-07-11 05:40,148,128,65,106,145,64,66,50,68,79
2026-07-11 07:53,148,128,65,106,145,64,66,50,68,79
2026-07-11 10:13,148,128,65,106,145,64,66,50,68,79
2026-07-11 13:16,148,128,65,106,145,64,66,50,68,79
2026-07-11 15:55,148,128,65,106,145,64,66,50,68,79
2026-07-11 19:01,148,128,65,106,145,64,66,50,68,79
2026-07-11 21:47,148,128,65,106,145,64,66,50,68,79
2026-07-12 02:39,148,128,65,106,147,64,66,50,68,79
2026-07-12 05:57,148,128,65,106,147,64,66,50,68,79
2026-07-12 08:24,148,128,65,106,147,64,66,50,68,79
2026-07-12 10:26,148,128,65,106,147,64,66,50,68,79
2026-07-12 13:17,148,128,65,106,147,64,66,50,68,79
2026-07-12 15:58,148,128,65,106,147,64,66,50,68,79
2026-07-12 19:04,148,128,65,106,147,67,66,50,68,79
2026-07-12 21:49,148,128,65,106,147,67,66,50,68,79
2026-07-13 02:40,148,128,65,106,147,67,66,50,68,79
2026-07-13 06:17,151,128,65,106,147,67,66,50,68,79
2026-07-13 12:04,151,128,65,106,147,67,66,54,68,79
2026-07-13 17:11,151,128,65,106,147,67,66,54,68,79
2026-07-13 19:21,151,128,65,106,147,67,66,54,68,79
2026-07-13 21:55,151,128,65,106,147,67,66,54,68,79
2026-07-14 02:24,151,128,65,106,147,67,66,54,68,79
2026-07-14 05:29,151,128,65,106,147,67,66,54,68,79
2026-07-14 08:02,151,128,65,106,147,67,66,54,68,79
2026-07-14 10:44,151,128,65,106,147,67,66,54,68,79
2026-07-14 13:40,151,128,65,106,147,67,66,54,68,79
2026-07-14 16:13,151,128,65,106,147,67,66,54,68,79
2026-07-14 19:18,151,128,65,106,147,67,66,54,68,79
2026-07-14 21:56,151,128,65,106,147,67,66,54,68,79
2026-07-15 02:22,151,128,65,106,147,67,66,54,68,79
2026-07-15 05:30,151,128,65,106,147,67,66,54,68,79
2026-07-15 08:07,151,128,65,106,147,67,66,54,68,79
2026-07-15 10:48,151,128,65,106,149,67,66,54,68,79
2026-07-15 13:41,151,128,65,106,149,67,66,54,68,79
2026-07-15 16:21,151,128,65,106,149,67,66,54,68,79
2026-07-15 19:08,151,128,65,106,149,67,66,54,68,79
2026-07-15 21:59,151,128,65,106,149,67,66,54,68,79
2026-07-16 02:30,151,128,65,106,149,67,66,54,68,79
2026-07-16 05:39,151,128,65,106,149,67,66,54,68,79
2026-07-16 08:10,151,128,65,106,149,67,66,54,68,79
2026-07-16 10:58,151,128,65,106,149,67,66,54,68,79
2026-07-16 13:47,151,128,65,106,149,67,66,54,68,79
2026-07-16 16:16,151,128,65,106,149,67,66,54,68,79
2026-07-16 19:08,151,128,65,106,149,67,66,54,68,79
2026-07-16 22:02,151,128,65,106,149,67,66,54,68,79
2026-07-17 02:32,151,128,65,106,149,67,66,54,68,79
2026-07-17 05:41,151,128,65,106,149,67,66,54,68,79
2026-07-17 08:08,151,128,65,106,149,67,66,54,68,79
2026-07-17 10:46,151,128,65,106,149,67,66,54,68,79
2026-07-17 13:25,151,128,65,106,149,67,66,54,68,79
2026-07-17 16:14,151,128,67,106,149,67,66,54,68,79
2026-07-17 19:05,151,128,67,106,149,67,66,54,68,79
2026-07-17 21:52,151,128,67,106,149,67,66,54,68,83
2026-07-18 02:23,151,128,67,106,149,67,66,54,68,83
2026-07-18 05:24,151,128,67,106,149,67,66,54,68,83
2026-07-18 07:47,151,128,67,106,149,67,66,54,68,83
2026-07-18 10:17,151,128,67,108,152,67,66,54,68,83
2026-07-18 13:12,151,128,67,108,152,67,66,54,68,83
2026-07-18 19:02,151,128,67,108,152,67,66,54,68,83
2026-07-18 21:49,151,128,67,108,152,67,66,54,68,83
2026-07-19 02:36,151,128,67,108,152,67,66,54,68,83
2026-07-19 05:51,151,128,67,108,152,67,66,54,68,83
2026-07-19 08:15,151,128,67,108,152,67,66,54,68,83
2026-07-19 10:26,151,128,67,108,152,67,66,54,68,83
2026-07-19 13:14,151,128,67,112,152,67,66,54,68,83
2026-07-19 15:56,151,128,67,112,152,67,66,54,68,83
2026-07-19 19:04,151,128,67,112,152,67,66,54,68,83
2026-07-20 02:51,151,128,67,112,152,67,66,54,68,83
2026-07-20 06:17,151,128,67,112,152,67,66,54,68,83
2026-07-20 11:44,151,128,67,112,152,67,66,54,68,83
2026-07-20 14:03,151,128,67,112,152,67,66,54,68,83
2026-07-20 16:23,151,128,67,112,152,67,66,54,68,83
2026-07-20 19:42,151,128,67,112,152,67,66,54,68,83
2026-07-20 21:58,151,128,67,112,152,67,66,54,68,83
2026-07-21 02:33,151,128,67,112,152,67,66,54,68,83
2026-07-21 05:49,151,128,67,112,152,67,66,54,68,83
2026-07-21 08:26,151,128,67,112,152,67,66,54,68,83
2026-07-21 11:07,151,128,67,112,152,67,66,54,68,83
2026-07-21 13:46,151,128,67,112,152,67,66,54,68,83
2026-07-21 16:22,151,128,67,112,152,67,66,54,68,83
2026-07-21 19:20,151,128,67,112,152,67,66,54,68,83
2026-07-21 22:02,151,128,67,112,152,67,66,54,68,86
2026-07-22 02:32,151,128,67,112,152,67,66,54,68,86
2026-07-22 05:49,151,128,67,112,152,67,66,54,68,86
2026-07-22 08:27,151,128,67,112,152,67,66,54,68,86
2026-07-22 11:08,151,128,67,112,152,67,66,54,68,86
2026-07-22 13:50,151,128,67,112,152,67,66,54,68,86
2026-07-22 16:19,151,128,67,112,152,67,66,54,68,86
2026-07-22 19:16,151,128,67,112,152,67,66,54,68,86
2026-07-22 22:02,151,128,67,112,152,67,66,54,68,86
2026-07-23 02:37,151,128,67,112,152,67,66,54,68,86
2026-07-23 05:52,151,128,67,112,152,67,66,54,68,86
2026-07-23 08:27,151,128,67,112,152,67,66,54,68,86
2026-07-23 11:08,151,128,67,112,152,67,66,54,68,86
2026-07-23 13:54,151,128,67,112,152,67,66,54,68,86
2026-07-23 16:25,151,128,67,112,152,67,66,54,68,86
2026-07-23 19:14,151,128,67,112,152,67,66,54,68,86
2026-07-23 22:03,151,128,67,112,152,67,66,54,68,86
2026-07-24 02:34,151,128,67,112,152,67,66,54,68,86
2026-07-24 05:49,151,128,67,112,152,67,66,54,68,86
2026-07-24 08:25,151,128,67,112,152,67,66,54,68,86
2026-07-24 11:02,151,128,67,112,152,67,66,54,68,86
2026-07-24 13:42,151,128,67,112,152,67,66,54,68,86
2026-07-24 16:40,151,128,67,112,152,67,66,54,68,86
2026-07-24 19:23,151,128,67,112,152,67,66,54,68,86
2026-07-24 22:03,151,128,67,112,152,67,66,54,68,86
2026-07-25 02:32,151,128,67,112,152,67,66,54,68,86
2026-07-25 05:42,151,128,67,112,152,67,66,54,68,86
2026-07-25 08:04,151,128,67,112,152,67,66,54,68,86
2026-07-25 10:26,156,128,67,112,152,67,66,54,68,86
2026-07-25 13:22,156,128,67,112,152,67,66,54,68,86
2026-07-25 16:03,156,128,67,112,152,67,66,54,68,86
2026-07-25 19:05,156,128,67,112,152,67,66,54,68,86
2026-07-25 21:54,156,128,67,112,152,67,66,54,68,86
2026-07-26 02:40,156,128,67,112,152,67,66,54,68,86
2026-07-26 06:04,156,128,67,112,152,67,66,54,68,86
2026-07-26 10:43,156,128,67,112,152,67,66,54,68,86
2026-07-26 13:18,156,128,67,112,152,67,66,54,68,86
2026-07-26 16:00,156,128,67,112,152,67,66,54,68,86
2026-07-26 19:08,156,128,67,112,152,67,66,54,68,86
2026-07-26 21:58,156,128,67,112,152,67,66,54,68,86
2026-07-27 02:48,156,128,67,112,152,67,66,54,68,86
2026-07-27 06:29,156,128,67,112,152,67,66,54,68,86
2026-07-27 12:21,158,128,67,112,152,67,66,54,68,86
2026-07-27 16:56,158,128,67,112,152,67,66,54,68,86
2026-07-27 19:25,158,128,67,114,152,67,66,54,68,86
2026-07-27 22:05,158,128,67,114,152,67,66,54,68,86
2026-07-28 02:26,158,128,67,114,152,67,66,54,68,86
2026-07-28 05:45,158,128,67,114,152,67,66,54,68,86
2026-07-28 08:31,158,128,67,114,152,67,66,54,68,86
2026-07-28 11:15,158,128,67,114,152,67,66,54,68,89
2026-07-28 14:03,158,128,67,114,152,67,66,54,68,89
2026-07-28 16:39,158,128,67,114,152,67,66,54,68,89
2026-07-28 19:21,158,128,67,114,152,67,66,54,68,89
2026-07-28 22:03,158,128,67,114,152,67,66,54,68,89
2026-07-29 02:31,158,128,67,114,152,67,66,54,68,89
2026-07-29 05:51,158,128,67,114,152,67,66,54,68,89
2026-07-29 08:38,158,128,67,114,152,67,66,54,68,89
2026-07-29 11:25,158,128,67,114,152,67,66,54,68,89
2026-07-29 14:07,158,128,67,114,152,67,66,54,68,89
2026-07-29 16:20,158,128,67,114,152,67,66,54,68,89
2026-07-29 19:13,158,128,67,114,152,67,66,54,68,89
2026-07-29 22:00,158,128,67,114,152,67,66,54,68,89
2026-07-30 02:13,158,128,67,114,152,67,66,54,68,89
2026-07-30 05:39,158,128,67,114,152,67,66,54,68,89
2026-07-30 08:24,158,128,67,114,152,67,66,54,68,89
2026-07-30 11:07,158,128,67,114,152,67,66,54,68,89
2026-07-30 13:57,158,128,67,114,152,67,66,54,72,89
2026-07-30 19:24,158,128,67,114,152,67,66,54,72,89
2026-07-30 22:04,158,128,67,114,152,67,66,54,72,89
2026-07-31 06:12,158,128,67,114,152,67,66,54,72,89
2026-07-31 11:28,158,128,67,114,152,67,66,54,72,89
2026-07-31 14:02,158,128,67,114,152,67,66,54,72,89
2026-07-31 16:44,158,128,67,114,152,67,66,54,72,89
2026-07-31 22:04,158,132,67,114,152,67,66,54,72,89
2026-08-01 02:41,158,132,67,114,152,67,66,54,72,89
2026-08-01 05:54,158,132,67,114,152,67,66,54,72,89
2026-08-01 08:18,158,132,67,114,152,67,66,54,72,89
2026-08-01 10:39,158,132,67,114,152,67,66,54,72,89
2026-08-01 13:17,158,132,67,114,152,67,66,54,72,89
2026-08-01 15:59,158,132,67,114,152,67,66,54,72,89
2026-08-01 19:05,158,132,67,114,154,67,66,54,72,89
2026-08-01 21:54,158,132,67,114,154,67,66,54,72,89
2026-08-02 02:39,158,132,67,114,154,67,66,54,72,89
2026-08-02 05:56,158,132,67,114,154,67,66,54,72,89
2026-08-02 08:27,158,132,67,114,154,67,66,54,72,89
2026-08-02 10:40,158,132,67,114,154,67,66,54,72,89
2026-08-02 13:17,158,132,67,114,154,67,66,54,72,89
2026-08-02 15:59,162,137,67,114,154,67,66,54,72,89
2026-08-02 19:07,162,137,67,114,154,67,66,54,72,89
2026-08-02 21:54,162,137,67,114,154,67,66,54,72,89
2026-08-03 02:41,162,137,67,114,154,67,66,54,72,89
2026-08-03 06:21,162,137,67,114,154,67,66,54,72,89
2026-08-03 12:21,162,137,67,114,154,67,66,54,72,89
2026-08-03 17:08,162,137,67,114,154,67,66,54,72,89
2026-08-03 19:27,162,137,67,114,154,67,66,54,72,89
2026-08-03 22:08,162,137,67,114,154,67,66,54,72,89
2026-08-04 02:25,162,137,67,114,154,67,66,54,72,89
2026-08-04 08:34,162,137,67,116,154,67,66,54,72,89
2026-08-04 11:22,162,137,67,116,154,67,66,54,72,89
2026-08-04 14:08,162,137,67,116,154,67,66,54,72,89
2026-08-04 16:50,162,137,67,116,156,67,66,54,72,89
2026-08-04 19:35,162,137,67,116,156,67,66,54,72,89
2026-08-04 22:10,162,137,67,116,156,67,66,54,72,89
2026-08-05 05:44,162,137,67,116,156,67,66,54,72,89
2026-08-05 08:33,162,137,67,116,156,67,66,54,72,89
2026-08-05 11:20,162,137,67,116,156,67,66,54,72,89
2026-08-05 14:05,162,137,67,116,156,67,66,54,72,89
2026-08-05 16:41,162,137,67,116,156,67,66,54,72,89
2026-08-05 19:27,162,137,67,116,156,67,66,54,72,89
2026-08-05 22:11,162,137,67,116,156,67,66,54,72,89
2026-08-06 02:27,162,137,67,116,156,67,66,54,72,89
2026-08-06 05:47,162,137,67,116,156,67,66,54,72,89
2026-08-06 08:33,162,137,67,116,156,67,66,54,72,89
2026-08-06 11:21,162,137,67,116,158,67,66,54,72,89
2026-08-06 14:05,162,137,67,116,158,67,66,54,72,89
2026-08-06 23:57,162,140,67,122,165,67,66,54,72,89
2026-08-07 02:51,162,140,67,122,165,67,66,54,72,89
2026-08-07 04:53,162,140,67,122,165,67,66,54,72,89
2026-08-07 07:13,162,140,67,122,165,67,66,54,72,89
2026-08-07 10:00,162,140,67,122,165,67,66,54,72,89
2026-08-07 12:59,162,140,67,122,165,67,66,54,72,89
2026-08-07 15:54,162,140,67,122,165,67,68,54,72,89
2026-08-07 18:54,162,140,67,122,165,67,68,54,72,89
2026-08-07 21:37,162,140,67,122,165,67,68,54,72,89
2026-08-08 01:26,162,140,67,122,165,67,68,54,72,89
2026-08-08 04:09,162,140,67,122,165,67,68,54,72,89
2026-08-08 06:50,162,140,67,122,165,67,68,54,72,89
2026-08-08 09:35,162,140,67,122,165,67,68,54,72,89
2026-08-08 12:43,162,140,67,122,165,67,68,54,72,89
2026-08-08 15:27,162,140,67,122,165,67,68,54,72,89
2026-08-08 18:35,162,140,67,122,165,67,68,54,72,89
2026-08-08 21:28,162,140,67,122,165,67,68,54,72,89
2026-08-09 01:38,162,140,67,122,165,67,68,54,72,89
2026-08-09 04:16,162,140,67,122,165,67,68,54,72,89
2026-08-09 06:53,162,140,67,122,165,67,68,54,72,89
2026-08-09 09:37,162,140,67,122,165,67,68,54,72,89
2026-08-09 12:46,162,140,67,122,165,67,68,54,72,89
2026-08-09 15:30,162,140,67,122,165,67,68,54,72,89
2026-08-09 18:37,162,140,67,122,165,67,68,54,72,89
2026-08-09 21:30,162,140,67,122,165,67,68,54,72,89
2026-08-10 01:41,162,140,67,122,165,67,68,54,72,89
2026-08-10 04:28,162,140,67,122,165,67,68,54,72,89
2026-08-10 07:38,162,140,67,122,165,67,68,54,72,89
2026-08-10 10:15,162,140,67,122,165,67,68,54,72,89
2026-08-10 13:04,162,140,67,124,165,67,68,54,72,89
2026-08-10 15:58,162,140,67,124,165,67,68,54,72,89
2026-08-10 18:55,162,140,67,124,165,67,68,54,72,89
2026-08-10 21:39,162,140,67,124,165,67,68,54,72,89
2026-08-11 01:38,162,140,67,124,165,67,68,54,72,89
2026-08-11 04:18,162,140,67,124,165,67,68,54,72,89
2026-08-11 07:04,162,140,67,124,165,67,68,54,72,89
2026-08-11 09:58,162,140,67,124,165,67,68,54,72,89
2026-08-11 13:00,162,140,67,124,165,67,68,54,72,89
2026-08-11 16:00,162,140,67,124,165,67,68,54,72,89
2026-08-11 18:59,162,140,67,124,165,67,68,54,72,89
2026-08-11 21:44,162,140,67,124,165,67,68,54,72,89
2026-08-12 01:49,162,140,67,124,165,67,68,54,72,89
2026-08-12 04:46,162,140,67,124,165,67,68,54,72,89
2026-08-12 07:22,162,140,67,124,165,67,68,54,72,89
2026-08-12 10:02,162,140,67,124,165,67,68,54,72,89
2026-08-12 13:05,162,140,67,124,165,67,68,54,72,89
2026-08-12 15:58,162,140,67,124,165,67,68,54,72,89
2026-08-12 18:59,162,140,67,124,165,67,68,54,72,89
2026-08-12 21:42,162,140,67,124,165,67,68,54,72,89
2026-08-13 01:51,162,140,67,124,165,67,68,54,72,89
2026-08-13 04:49,162,140,67,124,165,67,68,54,72,89
2026-08-13 07:24,162,140,67,124,165,67,68,54,72,89
2026-08-13 10:03,162,140,67,124,165,67,68,54,72,89
2026-08-13 13:06,162,140,67,124,165,67,68,54,72,89
2026-08-13 15:57,162,140,67,124,165,67,68,54,72,89
2026-08-13 19:01,162,140,67,124,165,67,68,54,72,89
2026-08-13 21:42,162,140,67,124,165,67,68,54,72,89
2026-08-14 01:49,162,140,67,124,165,67,68,54,72,89
2026-08-14 04:46,162,140,67,124,165,67,68,54,72,89
2026-08-14 07:21,162,140,67,124,165,67,68,54,72,89
2026-08-14 09:59,162,140,67,124,165,67,68,54,72,89
2026-08-14 13:02,162,140,67,124,165,67,68,54,72,89
2026-08-14 15:50,162,140,67,124,165,67,68,54,72,89
2026-08-14 18:51,162,140,67,124,165,67,68,54,72,89
2026-08-14 21:23,162,140,67,124,165,67,68,54,72,89
2026-08-15 01:08,162,140,67,124,165,67,68,54,72,89
